dsID,last_updated,last_scraped,name
m49,2013-11-06,2014-01-20T16:01:51.603850,m49
acled,,2014-01-20T16:01:53.778899,"ACLED (Armed conflict location and event dataset)"
echo,,2014-01-20T16:02:00.693332,"ECHO Europa"
emdat,,2014-01-19T16:04:12.786927,EM-DAT
esa-unpd-WPP2012,2012,2014-01-20T16:03:53.070177,esa-unpd
esa-unpd-WUP2011,2011,2014-01-20T16:02:45.186388,esa-unpd
fao-foodsec,,2014-01-20T16:04:37.961887,"FAO-Food Security"
faostat3,,2014-01-20T16:05:13.992200,FAOstat
hdi-disaster,,2014-01-20T16:11:49.332504,"Human Development Indicators"
HDRStats,,2014-01-20T16:11:52.211220,"Human Development Indicators, UNDP"
mdgs,,2014-01-20T16:11:52.807833,"Millennium Development Goals"
unicef-infobycountry,,2014-01-20T16:13:30.040763,"UNICEF info by country"
unterm,"",2014-01-20T16:17:02.645633,unterm
accuweather,,2014-01-20T16:17:28.750969,Accuweather
wikipedia,,2014-01-20T16:17:35.842840,Wikipedia
worldbank-lending-groups,"",2014-01-20T16:17:59.785647,"World Bank Lending Groups"
"World Bank",,2014-01-20T16:18:01.371479,"World Bank"
worldaerodata,,2014-01-20T17:11:59.072364,worldaerodata.com
reliefweb-api,2014-01-20T17:12:05.732582,2014-01-20T17:12:05.732608,"ReliefWeb API"
