"dsID","last_updated","last_scraped","name"
"fts",NA,"2014-06-16T00:03:23.577185","Financial Tracking Service, OCHA"
"reliefweb","2014-05-19T23:52:57+00:00","2014-05-20 00:03:47","ReliefWeb"
"m49","2013-11-06","2014-06-15T19:03:04.311331","m49"
"acled","","2014-06-15T19:03:08.535497","ACLED (Armed conflict location and event dataset)"
"echo","","2014-06-15T19:11:08.395867","ECHO Europa"
"emdat","","2014-06-15T19:16:55.466858","EM-DAT"
"esa-unpd-WPP2012","2012","2014-06-15T19:20:57.198925","esa-unpd"
"esa-unpd-WUP2011","2011","2014-06-15T19:18:18.519581","esa-unpd"
"fao-foodsec","","2014-06-15T19:22:27.864470","FAO-Food Security"
"mdgs","","2014-06-15T19:33:40.244194","Millennium Development Goals"
"unicef-infobycountry","","2014-06-15T19:38:17.835758","UNICEF info by country"
"unterm","","2014-06-15T19:48:40.705174","unterm"
"accuweather","","2014-06-15T19:49:55.766141","Accuweather"
"wikipedia","","2014-06-15T19:50:00.845379","Wikipedia"
"worldbank-lending-groups","","2014-06-15T19:51:15.278142","World Bank Lending Groups"
"World Bank","","2014-06-15T19:51:18.339642","World Bank"
"worldaerodata","","2014-06-15T21:33:53.225625","worldaerodata.com"
"reliefweb-api","2014-06-15T21:34:50.141263","2014-06-15T21:34:50.141284","ReliefWeb API"
"data.undp.org","","2014-06-16T03:29:41.795165","UNDP Open Data"
"hdi-disaster","","2014-06-16T03:31:02.278656","Human Development Indicators"
"unodc","","2014-06-16T03:31:04.843068","United Nations Office on Drugs and Crime"
"athena-api","","2014-06-16T03:31:11.576031","WHO Athena API"
